-- Insert data for AREAS
insert into AREAS (AreaID, StateID) values ('A990', 'AZ');
insert into AREAS (AreaID, StateID) values ('A349', 'CA');
insert into AREAS (AreaID, StateID) values ('A798', 'KS');
insert into AREAS (AreaID, StateID) values ('A161', 'NY');
insert into AREAS (AreaID, StateID) values ('A932', 'CA');
insert into AREAS (AreaID, StateID) values ('A275', 'CA');
insert into AREAS (AreaID, StateID) values ('A353', 'CA');
insert into AREAS (AreaID, StateID) values ('A330', 'WA');
insert into AREAS (AreaID, StateID) values ('A625', 'WA');
insert into AREAS (AreaID, StateID) values ('A883', 'CA');

-- Insert data for EMPLOYEES
insert into EMPLOYEES (EmpID, Fname, Minitial, Lname, Email, DOB, Street, City, Emp_State, Zip, SSN, Start_date, End_date, BranchID) values ('E75066627', 'Aimbo', 'Z', 'Hanway', 'rhanway0@virginia.edu', '23-JUL-1949', '9 Paget Trail', 'Columbus', 'GA', 14028, 440979838, '20-JUL-2012', NULL, 'B993');
insert into EMPLOYEES (EmpID, Fname, Minitial, Lname, Email, DOB, Street, City, Emp_State, Zip, SSN, Start_date, End_date, BranchID) values ('E17036280', 'Eidel', 'I', 'Pattemore', 'spattemore1@reuters.com', '01-JAN-1958', '03232 Eagan Court', 'Charlotte', 'NC', 24830, 678888806, '02-APR-2008', NULL, 'B743');
insert into EMPLOYEES (EmpID, Fname, Minitial, Lname, Email, DOB, Street, City, Emp_State, Zip, SSN, Start_date, End_date, BranchID) values ('E77935863', 'Ozu', 'L', 'Denford', 'idenford2@foxnews.com', '02-FEB-1978', '0 Troy Avenue', 'Washington', 'DC', 37985, 235873345, '01-JAN-2009', NULL, 'B347');
insert into EMPLOYEES (EmpID, Fname, Minitial, Lname, Email, DOB, Street, City, Emp_State, Zip, SSN, Start_date, End_date, BranchID) values ('E30816862', 'Edgepulse', 'V', 'Abbey', 'cabbey3@homestead.com', '03-MAR-1977', '256 Hintze Road', 'Birmingham', 'AL', 78437, 368553445, '11-OCT-2004', NULL, 'B583');
insert into EMPLOYEES (EmpID, Fname, Minitial, Lname, Email, DOB, Street, City, Emp_State, Zip, SSN, Start_date, End_date, BranchID) values ('E75887080', 'Kwideo', 'F', 'Gossan', 'jgossan4@msu.edu', '04-APR-1988', '1089 Killdeer Circle', 'Albuquerque', 'NM', 10459, 851732344, '01-MAR-2014', NULL, 'B490');
insert into EMPLOYEES (EmpID, Fname, Minitial, Lname, Email, DOB, Street, City, Emp_State, Zip, SSN, Start_date, End_date, BranchID) values ('E83282873', 'Twitternation', 'F', 'Lenoir', 'llenoir5@comcast.net', '05-MAY-1980', '42400 South Parkway', 'Fort Lauderdale', 'FL', 43201, 506225656, '19-OCT-2015', NULL, 'B993');
insert into EMPLOYEES (EmpID, Fname, Minitial, Lname, Email, DOB, Street, City, Emp_State, Zip, SSN, Start_date, End_date, BranchID) values ('E20850381', 'Dablist', 'L', 'Ship', 'sship6@nbcnews.com', '06-JUN-1999', '6 Milwaukee Trail', 'Erie', 'PA', 17075, 762055445, '28-NOV-2014', NULL, 'B459');
insert into EMPLOYEES (EmpID, Fname, Minitial, Lname, Email, DOB, Street, City, Emp_State, Zip, SSN, Start_date, End_date, BranchID) values ('E21391042', 'Wikivu', 'P', 'People', 'wpeople7@hao123.com', '12-JUL-1990', '2 Hoffman Alley', 'Bellevue', 'WA', 87301, 937718989, '29-MAR-2002', NULL, 'B730');
insert into EMPLOYEES (EmpID, Fname, Minitial, Lname, Email, DOB, Street, City, Emp_State, Zip, SSN, Start_date, End_date, BranchID) values ('E61065442', 'Trunyx', 'D', 'Kinig', 'skinig8@wunderground.com', '13-AUG-1979', '18 Gateway Drive', 'Philadelphia', 'PA', 93081, 628155663, '12-DEC-2001', NULL, 'B253');
insert into EMPLOYEES (EmpID, Fname, Minitial, Lname, Email, DOB, Street, City, Emp_State, Zip, SSN, Start_date, End_date, BranchID) values ('E43206250', 'Kwilith', 'O', 'Crauford', 'ncrauford9@sciencedaily.com', '14-SEP-1983', '5190 Claremont Hill', 'Springfield', 'OH', 68678, 920945446, '04-APR-2002', NULL, 'B708');
insert into EMPLOYEES (EmpID, Fname, Minitial, Lname, Email, DOB, Street, City, Emp_State, Zip, SSN, Start_date, End_date, BranchID) values ('E76861181', 'Realcube', 'I', 'Gecke', 'dgeckea@scribd.com', '15-OCT-1981', '3119 Kim Point', 'Tampa', 'FL', 11940, 890345455, '03-SEP-2003', NULL, 'B437');
insert into EMPLOYEES (EmpID, Fname, Minitial, Lname, Email, DOB, Street, City, Emp_State, Zip, SSN, Start_date, End_date, BranchID) values ('E94766506', 'Twimm', 'Y', 'Mepham', 'mmephamb@themeforest.net', '16-NOV-1982', '17056 Loftsgordon Road', 'Bloomington', 'IN', 78187, 976923323, '09-OCT-2005', NULL, 'B579');
insert into EMPLOYEES (EmpID, Fname, Minitial, Lname, Email, DOB, Street, City, Emp_State, Zip, SSN, Start_date, End_date, BranchID) values ('E43352766', 'Demivee', 'P', 'Wooddisse', 'gwooddissec@ucoz.ru', '17-DEC-1978', '3 Killdeer Trail', 'Port Charlotte', 'FL', 75834, 616522111, '01-JAN-2012', NULL, 'B584');
insert into EMPLOYEES (EmpID, Fname, Minitial, Lname, Email, DOB, Street, City, Emp_State, Zip, SSN, Start_date, End_date, BranchID) values ('E19156872', 'Thoughtblab', 'C', 'Tales', 'ktalesd@marriott.com', '18-DEC-1969', '673 Dahle Avenue', 'Hollywood', 'FL', 57242, 631434322, '01-FEB-2008', '13-DEC-2018', 'B386');
insert into EMPLOYEES (EmpID, Fname, Minitial, Lname, Email, DOB, Street, City, Emp_State, Zip, SSN, Start_date, End_date, BranchID) values ('E88991243', 'Agivu', 'K', 'Penticost', 'vpenticoste@prweb.com', '19-FEB-1980', '83 Steensland Circle', 'Sacramento', 'CA', 29073, 104587787, '27-FEB-2007', '23-DEC-2017', 'B738');
insert into EMPLOYEES (EmpID, Fname, Minitial, Lname, Email, DOB, Street, City, Emp_State, Zip, SSN, Start_date, End_date, BranchID) values ('E04671800', 'Digitube', 'S', 'Crown', 'mcrownf@elpais.com', '20-JUL-1993', '37 Namekagon Plaza', 'Pinellas Park', 'FL', 69597, 555923232, '04-APR-2013', NULL, 'B629');
insert into EMPLOYEES (EmpID, Fname, Minitial, Lname, Email, DOB, Street, City, Emp_State, Zip, SSN, Start_date, End_date, BranchID) values ('E91538344', 'Wikido', 'E', 'Reekie', 'areekieg@tamu.edu', '25-JUN-1991', '2 Scott Pass', 'Houston', 'TX', 23515, 371698996, '03-JUL-2011', '01-DEC-2018', 'B407');
insert into EMPLOYEES (EmpID, Fname, Minitial, Lname, Email, DOB, Street, City, Emp_State, Zip, SSN, Start_date, End_date, BranchID) values ('E13914267', 'Vidoo', 'O', 'Bremen', 'abremenh@geocities.com', '26-JUN-1996', '67043 Paget Junction', 'El Paso', 'TX', 52863, 504044444, '10-DEC-2011', NULL, 'B276');
insert into EMPLOYEES (EmpID, Fname, Minitial, Lname, Email, DOB, Street, City, Emp_State, Zip, SSN, Start_date, End_date, BranchID) values ('E14118330', 'Trilith', 'E', 'Marlor', 'dmarlori@goo.gl', '27-JAN-1968', '16 Jenifer Point', 'Atlanta', 'GA', 81395, 783222338, '15-JAN-2010', '07/16/2019', 'B324');
insert into EMPLOYEES (EmpID, Fname, Minitial, Lname, Email, DOB, Street, City, Emp_State, Zip, SSN, Start_date, End_date, BranchID) values ('E87888640', 'Devpulse', 'G', 'Gettens', 'xgettensj@bloomberg.com', '28-APR-1976', '7 Carey Hill', 'Raleigh', 'NC', 17256, 284846787, '22-JUN-2004', NULL, 'B223');
insert into EMPLOYEES (EmpID, Fname, Minitial, Lname, Email, DOB, Street, City, Emp_State, Zip, SSN, Start_date, End_date, BranchID) values ('E94350515', 'Roomm', 'A', 'Hamill', 'mhamillk@squidoo.com', '29-MAR-1987', '5261 Lakeland Drive', 'Hollywood', 'FL', 97113, 177712230, '25-OCT-2005', NULL, 'B843');
insert into EMPLOYEES (EmpID, Fname, Minitial, Lname, Email, DOB, Street, City, Emp_State, Zip, SSN, Start_date, End_date, BranchID) values ('E59401135', 'Kazio', 'R', 'Ferrand', 'jferrandl@artisteer.com', '30-OCT-1988', '5043 High Crossing Center', 'Stockton', 'CA', 51800, 665769875, '06-JAN-2003', NULL, 'B070');
insert into EMPLOYEES (EmpID, Fname, Minitial, Lname, Email, DOB, Street, City, Emp_State, Zip, SSN, Start_date, End_date, BranchID) values ('E84832713', 'Tagtune', 'R', 'Denacamp', 'ldenacampm@domainmarket.com', '22-DEC-1986', '58 Tomscot Plaza', 'Wilkes Barre', 'PA', 88268, 929924544, '04-JUL-2005', NULL, 'B882');
insert into EMPLOYEES (EmpID, Fname, Minitial, Lname, Email, DOB, Street, City, Emp_State, Zip, SSN, Start_date, End_date, BranchID) values ('E36146661', 'Jaxworks', 'A', 'Aird', 'eairdn@so-net.ne.jp', '08-FEB-1986', '04 Troy Place', 'Minneapolis', 'MN', 17217, 210674432, '11-AUG-2001', NULL, 'B823');

-- Insert data for CLIENTS
insert into CLIENTS (ClientID, Name, Street, City, StateID, Zip, Discount, Primary_contact_fname, Primary_contact_minitial, Primary_contact_lname, Primary_contact_phone, Primary_contact_email) values ('C6555', 'Yakijo', '222 Bluejay Park', 'Rochester', 'NY', 87964, 0.03, 'Kassey', 'N', 'Trevers', '5854673661', 'ktrevers0@angelfire.com');
insert into CLIENTS (ClientID, Name, Street, City, StateID, Zip, Discount, Primary_contact_fname, Primary_contact_minitial, Primary_contact_lname, Primary_contact_phone, Primary_contact_email) values ('C9887', 'Jaxspan', '02 Vernon Terrace', 'Phoenix', 'AZ', 47210, 0.30, 'Delcine', 'V', 'Gorbell', '3211396574', 'dgorbell1@trellian.com');
insert into CLIENTS (ClientID, Name, Street, City, StateID, Zip, Discount, Primary_contact_fname, Primary_contact_minitial, Primary_contact_lname, Primary_contact_phone, Primary_contact_email) values ('C6901', 'Pixope', '9 Waxwing Park', 'Mansfield', 'OH', 84709, 0.40, 'Demetre', 'W', 'Tabour', '4194835556', 'dtabour2@alibaba.com');
insert into CLIENTS (ClientID, Name, Street, City, StateID, Zip, Discount, Primary_contact_fname, Primary_contact_minitial, Primary_contact_lname, Primary_contact_phone, Primary_contact_email) values ('C0450', 'Oyoloo', '671 Novick Avenue', 'Columbia', 'SC', 12152, 0.26, 'Godart', 'N', 'Donnellan', '8031279794', 'gdonnellan3@psu.edu');
insert into CLIENTS (ClientID, Name, Street, City, StateID, Zip, Discount, Primary_contact_fname, Primary_contact_minitial, Primary_contact_lname, Primary_contact_phone, Primary_contact_email) values ('C7729', 'Gigaclub', '3 5th Drive', 'Saint Paul', 'MN', 52576, 0.11, 'Zandra', 'G', 'Halfacre', '6124664059', 'zhalfacre4@360.cn');
insert into CLIENTS (ClientID, Name, Street, City, StateID, Zip, Discount, Primary_contact_fname, Primary_contact_minitial, Primary_contact_lname, Primary_contact_phone, Primary_contact_email) values ('C6959', 'Devpoint', '078 Randy Place', 'Wichita', 'KS', 83015, 0.12, 'Joice', 'G', 'Pinckard', '3165145350', 'jpinckard5@nih.gov');
insert into CLIENTS (ClientID, Name, Street, City, StateID, Zip, Discount, Primary_contact_fname, Primary_contact_minitial, Primary_contact_lname, Primary_contact_phone, Primary_contact_email) values ('C4425', 'Cogilith', '1405 Blue Bill Park Hill', 'Philadelphia', 'PA', 35230, 0.45, 'Alena', 'K', 'Maleby', '2156017499', 'amaleby6@mac.com');
insert into CLIENTS (ClientID, Name, Street, City, StateID, Zip, Discount, Primary_contact_fname, Primary_contact_minitial, Primary_contact_lname, Primary_contact_phone, Primary_contact_email) values ('C7943', 'BlogXS', '63743 Browning Crossing', 'Hot Springs National Park', 'AR', 73874, 0.50, 'Layne', 'P', 'Knutsen', '5013058017', 'lknutsen7@edublogs.org');
insert into CLIENTS (ClientID, Name, Street, City, StateID, Zip, Discount, Primary_contact_fname, Primary_contact_minitial, Primary_contact_lname, Primary_contact_phone, Primary_contact_email) values ('C2140', 'Jaxworks', '6038 Evergreen Street', 'Topeka', 'KS', 95308, 0.40, 'Rafaelita', 'N', 'Toynbee', '7857464896', 'rtoynbee8@cafepress.com');
insert into CLIENTS (ClientID, Name, Street, City, StateID, Zip, Discount, Primary_contact_fname, Primary_contact_minitial, Primary_contact_lname, Primary_contact_phone, Primary_contact_email) values ('C7828', 'Buzzshare', '5042 Elgar Circle', 'Springfield', 'IL', 17963, 0.05, 'Edvard', 'O', 'Mc Pake', '2171047851', 'emcpake9@exblog.jp');
insert into CLIENTS (ClientID, Name, Street, City, StateID, Zip, Discount, Primary_contact_fname, Primary_contact_minitial, Primary_contact_lname, Primary_contact_phone, Primary_contact_email) values ('C1546', 'Wikido', '94 Bonner Point', 'Louisville', 'KY', 95518, 0.20, 'Siward', 'R', 'Oman', '5026272111', 'somana@nhs.uk');
insert into CLIENTS (ClientID, Name, Street, City, StateID, Zip, Discount, Primary_contact_fname, Primary_contact_minitial, Primary_contact_lname, Primary_contact_phone, Primary_contact_email) values ('C6928', 'Kamba', '85 Myrtle Way', 'Sacramento', 'CA', 48937, 0.30, 'Jacobo', 'L', 'Drains', '9165902756', 'jdrainsb@elpais.com');

-- Insert data for CLIENT_SITES
insert into CLIENT_SITES (SiteID, ClientID, AreaID, Site_size, Street, City, StateID, Zip) values ('CS7172', 'C9887', 'A990', 6590, '8 Meadow Vale Street', 'Phoenix', 'AZ', 90446);
insert into CLIENT_SITES (SiteID, ClientID, AreaID, Site_size, Street, City, StateID, Zip) values ('CS6195', 'C6144', 'A330', 9968, '15984 Quincy Park', 'Lakewood', 'WA', 37447);
insert into CLIENT_SITES (SiteID, ClientID, AreaID, Site_size, Street, City, StateID, Zip) values ('CS0783', 'C6555', 'A161', 4275, '338 Di Loreto Avenue', 'Buffalo', 'NY', 70641);
insert into CLIENT_SITES (SiteID, ClientID, AreaID, Site_size, Street, City, StateID, Zip) values ('CS4019', 'C6959', 'A798', 4858, '5839 Pond Park', 'Topeka', 'KS', 60662);
insert into CLIENT_SITES (SiteID, ClientID, AreaID, Site_size, Street, City, StateID, Zip) values ('CS7777', 'C3105', 'A349', 5560, '386 Colorado Park', 'Whittier', 'CA', 65807);
insert into CLIENT_SITES (SiteID, ClientID, AreaID, Site_size, Street, City, StateID, Zip) values ('CS3644', 'C6928', 'A932', 8355, '3598 Hooker Pass', 'Salinas', 'CA', 32800);
insert into CLIENT_SITES (SiteID, ClientID, AreaID, Site_size, Street, City, StateID, Zip) values ('CS3340', 'C9887', 'A990', 8300, '660 Vera Point', 'Phoenix', 'AZ', 32829);
insert into CLIENT_SITES (SiteID, ClientID, AreaID, Site_size, Street, City, StateID, Zip) values ('CS6157', 'C6928', 'A353', 6380, '0 Manufacturers Trail', 'San Francisco', 'CA', 13803);
insert into CLIENT_SITES (SiteID, ClientID, AreaID, Site_size, Street, City, StateID, Zip) values ('CS5734', 'C9887', 'A990', 7945, '0991 Vermont Drive', 'Phoenix', 'AZ', 43254);
insert into CLIENT_SITES (SiteID, ClientID, AreaID, Site_size, Street, City, StateID, Zip) values ('CS3556', 'C6928', 'A883', 5705, '903 Quincy Pass', 'Sacramento', 'CA', 23277);

-- Insert data for CUSTOMER_REPS
insert into CUSTOMER_REPS (EmpID, Seniority, Fulltime_or_trainee, Commission_rate, Quarter Bonus, Bonus Amount, BranchID, TeamID) values ('E75066627', 'senior', 'full', 0.72, 2, '1024.02', 'B993', 'TM487');
insert into CUSTOMER_REPS (EmpID, Seniority, Fulltime_or_trainee, Commission_rate, Quarter Bonus, Bonus Amount, BranchID, TeamID) values ('E17036280', 'lead', 'full', 0.23, 3, '1272.77', 'B993', 'TM487');
insert into CUSTOMER_REPS (EmpID, Seniority, Fulltime_or_trainee, Commission_rate, Quarter Bonus, Bonus Amount, BranchID, TeamID) values ('E77935863', 'senior', 'full', 0.33, 4, '1086.32', 'B347', 'TM179');
insert into CUSTOMER_REPS (EmpID, Seniority, Fulltime_or_trainee, Commission_rate, Quarter Bonus, Bonus Amount, BranchID, TeamID) values ('E30816862', 'entry', 'trainee', 0.23, 3, '1355.53', 'B583', 'TM256');
insert into CUSTOMER_REPS (EmpID, Seniority, Fulltime_or_trainee, Commission_rate, Quarter Bonus, Bonus Amount, BranchID, TeamID) values ('E75887080', 'middle', 'full', 0.84, 3, '1166.56', 'B490', 'TM748');
insert into CUSTOMER_REPS (EmpID, Seniority, Fulltime_or_trainee, Commission_rate, Quarter Bonus, Bonus Amount, BranchID, TeamID) values ('E83282873', 'entry', 'trainee', 0.09, 2, '3180.01', 'B993', 'TM487');
insert into CUSTOMER_REPS (EmpID, Seniority, Fulltime_or_trainee, Commission_rate, Quarter Bonus, Bonus Amount, BranchID, TeamID) values ('E20850381', 'middle', 'full', 0.21, 3, '247.99', 'B459', 'TM442');
insert into CUSTOMER_REPS (EmpID, Seniority, Fulltime_or_trainee, Commission_rate, Quarter Bonus, Bonus Amount, BranchID, TeamID) values ('E21391042', 'middle', 'full', 0.62, 2, '2834.64', 'B730', 'TM080');
insert into CUSTOMER_REPS (EmpID, Seniority, Fulltime_or_trainee, Commission_rate, Quarter Bonus, Bonus Amount, BranchID, TeamID) values ('E61065442', 'lead', 'full', 0.18, 4, '3926.14', 'B253', 'TM886');
insert into CUSTOMER_REPS (EmpID, Seniority, Fulltime_or_trainee, Commission_rate, Quarter Bonus, Bonus Amount, BranchID, TeamID) values ('E43206250', 'senior', 'full', 0.21, 1, '2767.25', 'B708', 'TM400');
insert into CUSTOMER_REPS (EmpID, Seniority, Fulltime_or_trainee, Commission_rate, Quarter Bonus, Bonus Amount, BranchID, TeamID) values ('E76861181', 'entry', 'trainee', 0.11, 1, '4324.76', 'B253', 'TM886');
insert into CUSTOMER_REPS (EmpID, Seniority, Fulltime_or_trainee, Commission_rate, Quarter Bonus, Bonus Amount, BranchID, TeamID) values ('E94766506', 'entry', 'trainee', 0.96, 1, '4041.30', 'B253', 'TM886');

-- Insert data for CUSTOMER_REP_SPECIALTIES
insert into CUSTOMER_REPS (EmpID, Specialty) values ('E75887080', 'GR03');
insert into CUSTOMER_REPS (EmpID, Specialty) values ('E75887080', 'GR04');
insert into CUSTOMER_REPS (EmpID, Specialty) values ('E77935863', 'GR03');
insert into CUSTOMER_REPS (EmpID, Specialty) values ('E61065442', 'GR01');
insert into CUSTOMER_REPS (EmpID, Specialty) values ('E61065442', 'GR02');
insert into CUSTOMER_REPS (EmpID, Specialty) values ('E75887080', 'GR01');
insert into CUSTOMER_REPS (EmpID, Specialty) values ('E77935863', 'GR04');
insert into CUSTOMER_REPS (EmpID, Specialty) values ('E21391042', 'GR03');
insert into CUSTOMER_REPS (EmpID, Specialty) values ('E43206250', 'GR02');
insert into CUSTOMER_REPS (EmpID, Specialty) values ('E94766506', 'GR01');

-- Insert data for CUSTOMER_REP_TEAMS
insert into CUSTOMER_REP_TEAMS (TeamID, Team_name, Team_leadID, Form_date, Office_area) values ('TM487', 'Puffin', 'E17036280', '17-APR-2018', 'A990');
insert into CUSTOMER_REP_TEAMS (TeamID, Team_name, Team_leadID, Form_date, Office_area) values ('TM886', 'Whale', 'E61065442', '04-APR-2020', 'A349');
insert into CUSTOMER_REP_TEAMS (TeamID, Team_name, Team_leadID, Form_date, Office_area) values ('TM563', 'Booby', 'E95305709', '10-OCT-2018', 'A798');
insert into CUSTOMER_REP_TEAMS (TeamID, Team_name, Team_leadID, Form_date, Office_area) values ('TM858', 'Roller', 'E59911802', '14-FEB-2020', 'A161');
insert into CUSTOMER_REP_TEAMS (TeamID, Team_name, Team_leadID, Form_date, Office_area) values ('TM736', 'Turtle', 'E09755754', '28-DEC-2020', 'A932');
insert into CUSTOMER_REP_TEAMS (TeamID, Team_name, Team_leadID, Form_date, Office_area) values ('TM455', 'Kookaburra', 'E25174553', '29-DEC-2019', 'A275');
insert into CUSTOMER_REP_TEAMS (TeamID, Team_name, Team_leadID, Form_date, Office_area) values ('TM370', 'Boa', 'E65748697', '18-APR-2019', 'A353');
insert into CUSTOMER_REP_TEAMS (TeamID, Team_name, Team_leadID, Form_date, Office_area) values ('TM905', 'Bushpig', 'E85965402', '26-JAN-2019', 'A330');
insert into CUSTOMER_REP_TEAMS (TeamID, Team_name, Team_leadID, Form_date, Office_area) values ('TM817', 'Wallaby', 'E64168049', '12-JUN-2019', 'A625');
insert into CUSTOMER_REP_TEAMS (TeamID, Team_name, Team_leadID, Form_date, Office_area) values ('TM686', 'Camel', 'E81391954', '24-JUL-2018', 'A883');

-- Insert data for CAN_SERVICE_AREA
insert into CAN_SERVICE_AREA (AreaID, TeamID) values ('A990', 'TM487');
insert into CAN_SERVICE_AREA (AreaID, TeamID) values ('A349', 'TM886');
insert into CAN_SERVICE_AREA (AreaID, TeamID) values ('A798', 'TM563');
insert into CAN_SERVICE_AREA (AreaID, TeamID) values ('A161', 'TM858');
insert into CAN_SERVICE_AREA (AreaID, TeamID) values ('A932', 'TM736');

-- Insert data for CAN_SERVICE_CLIENT
insert into CAN_SERVICE_CLIENT (ClientID, EmpID) values ('C6555', 'E75066627');
insert into CAN_SERVICE_CLIENT (ClientID, EmpID) values ('C9887', 'E17036280');
insert into CAN_SERVICE_CLIENT (ClientID, EmpID) values ('C6901', 'E77935863');
insert into CAN_SERVICE_CLIENT (ClientID, EmpID) values ('C0450', 'E30816862');
insert into CAN_SERVICE_CLIENT (ClientID, EmpID) values ('C7729', 'E75887080');

-- Insert data for INCIDENTS
insert into INCIDENTS (Incident_ID, Incident_date, Complaint_date, Description, OrderID) values ('INC665806994', '10-MAR-2020', '10-FEB-2020', 'Traum subdr hem w loss of consciousness of 31-59 min, init', 'OR77462531878');
insert into INCIDENTS (Incident_ID, Incident_date, Complaint_date, Description, OrderID) values ('INC816611783', '12-MAR-2020', '10-MAR-2020', 'Nondisp seg fx shaft of l femr, 7thJ', 'OR44549999667');
insert into INCIDENTS (Incident_ID, Incident_date, Complaint_date, Description, OrderID) values ('INC782926555', '18-MAR-2020', '17-FEB-2020', 'Other complications associated with artificial fertilization', 'OR21857777606');
insert into INCIDENTS (Incident_ID, Incident_date, Complaint_date, Description, OrderID) values ('INC903458374', '24-MAR-2020', '25-JAN-2020', 'Poisoning by oth psychotropic drugs, undetermined, subs', 'OR31892267049');
insert into INCIDENTS (Incident_ID, Incident_date, Complaint_date, Description, OrderID) values ('INC773603119', '03-MAR-2020', '04-JAN-2020', 'Contact with hot water in bath or tub, sequela', 'OR23376751177');
insert into INCIDENTS (Incident_ID, Incident_date, Complaint_date, Description, OrderID) values ('INC021719877', '19-MAR-2020', '15-MAR-2018', 'Sltr-haris Type I physeal fx phalanx of right toe, init', 'OR29070583181');
insert into INCIDENTS (Incident_ID, Incident_date, Complaint_date, Description, OrderID) values ('INC907009497', '10-MAY-2019', '09-APR-2018', 'Corrosion of left eye and adnexa, part unsp, subs encntr', 'OR78809410802');
insert into INCIDENTS (Incident_ID, Incident_date, Complaint_date, Description, OrderID) values ('INC987310174', '25-AUG-2019', '04-JUN-2019', 'Nondisplaced oblique fracture of shaft of right tibia', 'OR07368537866');
insert into INCIDENTS (Incident_ID, Incident_date, Complaint_date, Description, OrderID) values ('INC358115731', '14-JAN-2019', '27-DEC-2018', 'Chronic periodontitis, localized, unspecified severity', 'OR74183465803');
insert into INCIDENTS (Incident_ID, Incident_date, Complaint_date, Description, OrderID) values ('INC757589979', '01-AUG-2018', '01-AUG-2018', 'Unsp injury of left innominate or subclavian artery, sequela', 'OR83969622999');

-- Insert data for ORDERS
insert into ORDERS (OrderID, Order_date, Order_time, Status, Description, SiteID) values ('OR77462531878', '10-FEB-2020', '19:55', 'shipped', 'War op involving intentl restrict of air/airwy, milt, subs', 'CS7172');
insert into ORDERS (OrderID, Order_date, Order_time, Status, Description, SiteID) values ('OR44549999667', '12-FEB-2020', '7:24', 'pending', 'Intentional self-harm by other specified means, sequela', 'CS7172');
insert into ORDERS (OrderID, Order_date, Order_time, Status, Description, SiteID) values ('OR21857777606', '18-FEB-2020', '6:32', 'delivered', 'Partial traumatic amputation of right midfoot', 'CS0783');
insert into ORDERS (OrderID, Order_date, Order_time, Status, Description, SiteID) values ('OR31892267049', '24-FEB-2020', '17:24', 'pending', 'Pathological fracture, unspecified finger(s), sequela', 'CS0783');
insert into ORDERS (OrderID, Order_date, Order_time, Status, Description, SiteID) values ('OR23376751177', '03-FEB-2020', '20:00', 'pending', 'Displ oblique fx shaft of l fibula, 7thD', 'CS7777');
insert into ORDERS (OrderID, Order_date, Order_time, Status, Description, SiteID) values ('OR29070583181', '19-FEB-2020', '8:50', 'pending', 'Displ oblique fx shaft of l fibula, 7thD', 'CS7777');
insert into ORDERS (OrderID, Order_date, Order_time, Status, Description, SiteID) values ('OR78809410802', '09-MAY-2019', '17:35', 'pending', 'Displ oblique fx shaft of l fibula, 7thD', 'CS7777');
insert into ORDERS (OrderID, Order_date, Order_time, Status, Description, SiteID) values ('OR07368537866', '24-JUL-2019', '9:30', 'pending', 'Displ oblique fx shaft of l fibula, 7thD', 'CS7777');
insert into ORDERS (OrderID, Order_date, Order_time, Status, Description, SiteID) values ('OR74183465803', '13-JAN-2019', '8:15', 'pending', 'Displ oblique fx shaft of l fibula, 7thD', 'CS7777');
insert into ORDERS (OrderID, Order_date, Order_time, Status, Description, SiteID) values ('OR83969622999', '01-AUG-2018', '11:45', 'pending', 'Displ oblique fx shaft of l fibula, 7thD', 'CS7777');

-- Insert data for ORDER_DETAILS
insert into ORDER_DETAILS (Order_details_ID, OrderID, SiteID, Ship_date, Ship_method) values ('ORD61268558055', 'OR77462531878', 'CS7172', '12-FEB-2020', 'overnight');
insert into ORDER_DETAILS (Order_details_ID, OrderID, SiteID, Ship_date, Ship_method) values ('ORD03793155861', 'OR44549999667', 'CS6195', '13-FEB-2020', 'overnight');
insert into ORDER_DETAILS (Order_details_ID, OrderID, SiteID, Ship_date, Ship_method) values ('ORD88963531631', 'OR21857777606', 'CS0783', '19-FEB-2020', 'ground');
insert into ORDER_DETAILS (Order_details_ID, OrderID, SiteID, Ship_date, Ship_method) values ('ORD26035927620', 'OR31892267049', 'CS4019', '24-FEB-2020', 'ground');
insert into ORDER_DETAILS (Order_details_ID, OrderID, SiteID, Ship_date, Ship_method) values ('ORD29742940247', 'OR23376751177', 'CS7777', '04-FEB-2020', 'ground');
insert into ORDER_DETAILS (Order_details_ID, OrderID, SiteID, Ship_date, Ship_method) values ('ORD01614313119', 'OR29070583181', 'CS3644', '19-FEB-2020', 'overnight');
insert into ORDER_DETAILS (Order_details_ID, OrderID, SiteID, Ship_date, Ship_method) values ('ORD43153932600', 'OR78809410802', 'CS3340', '10-MAY-2019', 'ground');
insert into ORDER_DETAILS (Order_details_ID, OrderID, SiteID, Ship_date, Ship_method) values ('ORD77608461832', 'OR07368537866', 'CS6157', '24-JUL-2019', 'ground');
insert into ORDER_DETAILS (Order_details_ID, OrderID, SiteID, Ship_date, Ship_method) values ('ORD57560382628', 'OR74183465803', 'CS5734', '16-JAN-2019', 'priority');
insert into ORDER_DETAILS (Order_details_ID, OrderID, SiteID, Ship_date, Ship_method) values ('ORD20360090892', 'OR83969622999', 'CS3556', '05-AUG-2018', 'ground');

-- Insert data for ITEMS
insert into ITEMS (Order_details_ID, OrderID, ProductID, Discount, Unitprice, Qty) values ('ORD61268558055', 'OR77462531878', 'P90285', 0.34, 64.66, 185);
insert into ITEMS (Order_details_ID, OrderID, ProductID, Discount, Unitprice, Qty) values ('ORD03793155861', 'OR44549999667', 'P24603', 0.00, 110.0, 32);
insert into ITEMS (Order_details_ID, OrderID, ProductID, Discount, Unitprice, Qty) values ('ORD88963531631', 'OR21857777606', 'P11026', 0.00, 29.93, 67);
insert into ITEMS (Order_details_ID, OrderID, ProductID, Discount, Unitprice, Qty) values ('ORD26035927620', 'OR31892267049', 'P24603', 0.00, 379.15, 43);
insert into ITEMS (Order_details_ID, OrderID, ProductID, Discount, Unitprice, Qty) values ('ORD29742940247', 'OR23376751177', 'P24603', 0.45, 333.65, 41);
insert into ITEMS (Order_details_ID, OrderID, ProductID, Discount, Unitprice, Qty) values ('ORD01614313119', 'OR29070583181', 'P98539', 0.26, 167.41, 297);
insert into ITEMS (Order_details_ID, OrderID, ProductID, Discount, Unitprice, Qty) values ('ORD43153932600', 'OR78809410802', 'P11026', 0.06, 88.95, 70);
insert into ITEMS (Order_details_ID, OrderID, ProductID, Discount, Unitprice, Qty) values ('ORD77608461832', 'OR07368537866', 'P11026', 0.00, 253.35, 275);
insert into ITEMS (Order_details_ID, OrderID, ProductID, Discount, Unitprice, Qty) values ('ORD57560382628', 'OR74183465803', 'P45723', 0.21, 418.54, 152);
insert into ITEMS (Order_details_ID, OrderID, ProductID, Discount, Unitprice, Qty) values ('ORD20360090892', 'OR83969622999', 'P24603', 0.60, 186.44, 114);

-- Insert data for STATES
insert into STATES (StateID, Name, Network_rating, Transportation_cost, Demographics) values ('TX', 'Texas', 'high', 61.49, 'lorem ipsum');
insert into STATES (StateID, Name, Network_rating, Transportation_cost, Demographics) values ('FL', 'Florida', 'low', 53.63, 'lorem ipsum');
insert into STATES (StateID, Name, Network_rating, Transportation_cost, Demographics) values ('VA', 'Virginia', 'high', 14.32, 'lorem ipsum');
insert into STATES (StateID, Name, Network_rating, Transportation_cost, Demographics) values ('NY', 'New York', 'low', 26.29, 'lorem ipsum');
insert into STATES (StateID, Name, Network_rating, Transportation_cost, Demographics) values ('AZ', 'Arizona', 'low', 39.21, 'lorem ipsum');
insert into STATES (StateID, Name, Network_rating, Transportation_cost, Demographics) values ('KS', 'Kansas', 'low', 32.54, 'lorem ipsum');
insert into STATES (StateID, Name, Network_rating, Transportation_cost, Demographics) values ('UT', 'Utah', 'medium', 64.94, 'lorem ipsum');
insert into STATES (StateID, Name, Network_rating, Transportation_cost, Demographics) values ('WA', 'Washington', 'high', 20.94, 'lorem ipsum');
insert into STATES (StateID, Name, Network_rating, Transportation_cost, Demographics) values ('CA', 'California', 'medium', 23.40, 'lorem ipsum');

-- Insert data for PRODUCT_GROUPS
insert into PRODUCT_GROUPS (Product_group_ID, Group_name) values ('GR01', 'cosmetic');
insert into PRODUCT_GROUPS (Product_group_ID, Group_name) values ('GR02', 'dental');
insert into PRODUCT_GROUPS (Product_group_ID, Group_name) values ('GR03', 'dermal');
insert into PRODUCT_GROUPS (Product_group_ID, Group_name) values ('GR04', 'dental');


commit;

select * from  AREAS;
select * from  EMPLOYEES;
select * from  CLIENTS;
select * from  CLIENT_SITES;
select * from  CUSTOMER_REPS;
select * from  CUSTOMER_REP_SPECIALTIES;
select * from  CUSTOMER_REP_TEAMS;
select * from  CAN_SERVICE_AREA;
select * from  CAN_SERVICE_CLIENT;
select * from  INCIDENTS;
select * from  ORDERS;
select * from  ORDER_DETAILS;
select * from  ITEMS;
select * from  STATES;
select * from  PRODUCT_GROUPS;

--------------------Testing--------------------
set serveroutput on;
