-- Insert data for AREAS
insert into AREAS (AreaID, StateID) values ('A990', 'AZ');
insert into AREAS (AreaID, StateID) values ('A349', 'CA');
insert into AREAS (AreaID, StateID) values ('A798', 'KS');
insert into AREAS (AreaID, StateID) values ('A161', 'NY');
insert into AREAS (AreaID, StateID) values ('A932', 'CA');
insert into AREAS (AreaID, StateID) values ('A275', 'CA');
insert into AREAS (AreaID, StateID) values ('A353', 'CA');
insert into AREAS (AreaID, StateID) values ('A330', 'WA');
insert into AREAS (AreaID, StateID) values ('A625', 'WA');
insert into AREAS (AreaID, StateID) values ('A883', 'CA');

-- Insert data for EMPLOYEES
insert into EMPLOYEES (EmpID, Fname, Initial, Lname, Email, DOB, Street, City, Emp_State, Zip, SSN, Start_date, End_date, BranchID) values ('E75066627', 'Aimbo', 'Z', 'Hanway', 'rhanway0@virginia.edu', '07/23/1932', '9 Paget Trail', 'Columbus', 'GA', 14028, 44973, '07/20/2012', '09/08/2016', 'B993');
insert into EMPLOYEES (EmpID, Fname, Initial, Lname, Email, DOB, Street, City, Emp_State, Zip, SSN, Start_date, End_date, BranchID) values ('E17036280', 'Eidel', 'I', 'Pattemore', 'spattemore1@reuters.com', '02/05/1940', '03232 Eagan Court', 'Charlotte', 'NC', 24830, 67800, '02/04/2008', '07/09/2016', 'B743');
insert into EMPLOYEES (EmpID, Fname, Initial, Lname, Email, DOB, Street, City, Emp_State, Zip, SSN, Start_date, End_date, BranchID) values ('E77935863', 'Ozu', 'L', 'Denford', 'idenford2@foxnews.com', '09/09/1945', '0 Troy Avenue', 'Washington', 'DC', 37985, 23573, '01/14/2009', '09/27/2019', 'B347');
insert into EMPLOYEES (EmpID, Fname, Initial, Lname, Email, DOB, Street, City, Emp_State, Zip, SSN, Start_date, End_date, BranchID) values ('E30816862', 'Edgepulse', 'V', 'Abbey', 'cabbey3@homestead.com', '04/14/1948', '256 Hintze Road', 'Birmingham', 'AL', 78437, 36855, '11/10/2004', '11/23/2017', 'B583');
insert into EMPLOYEES (EmpID, Fname, Initial, Lname, Email, DOB, Street, City, Emp_State, Zip, SSN, Start_date, End_date, BranchID) values ('E75887080', 'Kwideo', 'F', 'Gossan', 'jgossan4@msu.edu', '11/09/1999', '1089 Killdeer Circle', 'Albuquerque', 'NM', 10459, 85173, '01/03/2014', '11/16/2018', 'B490');
insert into EMPLOYEES (EmpID, Fname, Initial, Lname, Email, DOB, Street, City, Emp_State, Zip, SSN, Start_date, End_date, BranchID) values ('E83282873', 'Twitternation', 'F', 'Lenoir', 'llenoir5@comcast.net', '02/27/1951', '42400 South Parkway', 'Fort Lauderdale', 'FL', 43201, 50622, '10/19/2015', '05/13/2018', 'B993');
insert into EMPLOYEES (EmpID, Fname, Initial, Lname, Email, DOB, Street, City, Emp_State, Zip, SSN, Start_date, End_date, BranchID) values ('E20850381', 'Dablist', 'L', 'Ship', 'sship6@nbcnews.com', '05/19/1958', '6 Milwaukee Trail', 'Erie', 'PA', 17075, 76205, '11/28/2014', '08/18/2018', 'B459');
insert into EMPLOYEES (EmpID, Fname, Initial, Lname, Email, DOB, Street, City, Emp_State, Zip, SSN, Start_date, End_date, BranchID) values ('E21391042', 'Wikivu', 'P', 'People', 'wpeople7@hao123.com', '11/20/1938', '2 Hoffman Alley', 'Bellevue', 'WA', 87301, 93771, '03/29/2002', '10/18/2016', 'B730');
insert into EMPLOYEES (EmpID, Fname, Initial, Lname, Email, DOB, Street, City, Emp_State, Zip, SSN, Start_date, End_date, BranchID) values ('E61065442', 'Trunyx', 'D', 'Kinig', 'skinig8@wunderground.com', '06/10/1949', '18 Gateway Drive', 'Philadelphia', 'PA', 93081, 62813, '12/11/2001', '09/08/2019', 'B253');
insert into EMPLOYEES (EmpID, Fname, Initial, Lname, Email, DOB, Street, City, Emp_State, Zip, SSN, Start_date, End_date, BranchID) values ('E43206250', 'Kwilith', 'O', 'Crauford', 'ncrauford9@sciencedaily.com', '04/10/1931', '5190 Claremont Hill', 'Springfield', 'OH', 68678, 92096, '04/05/2002', '11/27/2018', 'B708');
insert into EMPLOYEES (EmpID, Fname, Initial, Lname, Email, DOB, Street, City, Emp_State, Zip, SSN, Start_date, End_date, BranchID) values ('E76861181', 'Realcube', 'I', 'Gecke', 'dgeckea@scribd.com', '01/22/1957', '3119 Kim Point', 'Tampa', 'FL', 11940, 89035, '03/08/2003', '11/30/2016', 'B437');
insert into EMPLOYEES (EmpID, Fname, Initial, Lname, Email, DOB, Street, City, Emp_State, Zip, SSN, Start_date, End_date, BranchID) values ('E94766506', 'Twimm', 'Y', 'Mepham', 'mmephamb@themeforest.net', '04/15/1933', '17056 Loftsgordon Road', 'Bloomington', 'IN', 78187, 97693, '09/15/2005', '03/27/2018', 'B579');
insert into EMPLOYEES (EmpID, Fname, Initial, Lname, Email, DOB, Street, City, Emp_State, Zip, SSN, Start_date, End_date, BranchID) values ('E43352766', 'Demivee', 'P', 'Wooddisse', 'gwooddissec@ucoz.ru', '10/13/1982', '3 Killdeer Trail', 'Port Charlotte', 'FL', 75834, 61651, '01/14/2012', '03/31/2017', 'B584');
insert into EMPLOYEES (EmpID, Fname, Initial, Lname, Email, DOB, Street, City, Emp_State, Zip, SSN, Start_date, End_date, BranchID) values ('E19156872', 'Thoughtblab', 'C', 'Tales', 'ktalesd@marriott.com', '10/15/1953', '673 Dahle Avenue', 'Hollywood', 'FL', 57242, 63142, '01/08/2008', '12/13/2018', 'B386');
insert into EMPLOYEES (EmpID, Fname, Initial, Lname, Email, DOB, Street, City, Emp_State, Zip, SSN, Start_date, End_date, BranchID) values ('E88991243', 'Agivu', 'K', 'Penticost', 'vpenticoste@prweb.com', '02/23/1957', '83 Steensland Circle', 'Sacramento', 'CA', 29073, 10457, '02/27/2007', '12/23/2017', 'B738');
insert into EMPLOYEES (EmpID, Fname, Initial, Lname, Email, DOB, Street, City, Emp_State, Zip, SSN, Start_date, End_date, BranchID) values ('E04671800', 'Digitube', 'S', 'Crown', 'mcrownf@elpais.com', '01/15/1961', '37 Namekagon Plaza', 'Pinellas Park', 'FL', 69597, 55592, '04/13/2013', '09/29/2018', 'B629');
insert into EMPLOYEES (EmpID, Fname, Initial, Lname, Email, DOB, Street, City, Emp_State, Zip, SSN, Start_date, End_date, BranchID) values ('E91538344', 'Wikido', 'E', 'Reekie', 'areekieg@tamu.edu', '03/08/1930', '2 Scott Pass', 'Houston', 'TX', 23515, 37166, '03/01/2011', '01/12/2018', 'B407');
insert into EMPLOYEES (EmpID, Fname, Initial, Lname, Email, DOB, Street, City, Emp_State, Zip, SSN, Start_date, End_date, BranchID) values ('E13914267', 'Vidoo', 'O', 'Bremen', 'abremenh@geocities.com', '09/29/1977', '67043 Paget Junction', 'El Paso', 'TX', 52863, 50404, '10/12/2011', '04/20/2017', 'B276');
insert into EMPLOYEES (EmpID, Fname, Initial, Lname, Email, DOB, Street, City, Emp_State, Zip, SSN, Start_date, End_date, BranchID) values ('E14118330', 'Trilith', 'E', 'Marlor', 'dmarlori@goo.gl', '10/21/1945', '16 Jenifer Point', 'Atlanta', 'GA', 81395, 78328, '06/13/2010', '07/16/2018', 'B324');
insert into EMPLOYEES (EmpID, Fname, Initial, Lname, Email, DOB, Street, City, Emp_State, Zip, SSN, Start_date, End_date, BranchID) values ('E87888640', 'Devpulse', 'G', 'Gettens', 'xgettensj@bloomberg.com', '01/07/2000', '7 Carey Hill', 'Raleigh', 'NC', 17256, 28487, '06/22/2004', '05/03/2018', 'B223');
insert into EMPLOYEES (EmpID, Fname, Initial, Lname, Email, DOB, Street, City, Emp_State, Zip, SSN, Start_date, End_date, BranchID) values ('E94350515', 'Roomm', 'A', 'Hamill', 'mhamillk@squidoo.com', '05/25/1971', '5261 Lakeland Drive', 'Hollywood', 'FL', 97113, 17770, '10/25/2005', '08/19/2017', 'B843');
insert into EMPLOYEES (EmpID, Fname, Initial, Lname, Email, DOB, Street, City, Emp_State, Zip, SSN, Start_date, End_date, BranchID) values ('E59401135', 'Kazio', 'R', 'Ferrand', 'jferrandl@artisteer.com', '12/28/1977', '5043 High Crossing Center', 'Stockton', 'CA', 51800, 66576, '06/01/2003', '10/23/2017', 'B070');
insert into EMPLOYEES (EmpID, Fname, Initial, Lname, Email, DOB, Street, City, Emp_State, Zip, SSN, Start_date, End_date, BranchID) values ('E84832713', 'Tagtune', 'R', 'Denacamp', 'ldenacampm@domainmarket.com', '12/26/1928', '58 Tomscot Plaza', 'Wilkes Barre', 'PA', 88268, 92992, '04/16/2005', '12/19/2017', 'B882');
insert into EMPLOYEES (EmpID, Fname, Initial, Lname, Email, DOB, Street, City, Emp_State, Zip, SSN, Start_date, End_date, BranchID) values ('E36146661', 'Jaxworks', 'A', 'Aird', 'eairdn@so-net.ne.jp', '05/25/1920', '04 Troy Place', 'Minneapolis', 'MN', 17217, 21067, '11/25/2001', '03/02/2017', 'B823');

-- Insert data for CLIENTS
insert into CLIENTS (ClientID, Name, Street, City, StateID, Zip, Discount, Primary_contact_fname, Primary_contact_minitial, Primary_contact_lname, Primary_contact_phone, Primary_contact_email) values ('C6555', 'Yakijo', '222 Bluejay Park', 'Rochester', 'NY', 87964, 0.03, 'Kassey', 'N', 'Trevers', '5854673661', 'ktrevers0@angelfire.com');
insert into CLIENTS (ClientID, Name, Street, City, StateID, Zip, Discount, Primary_contact_fname, Primary_contact_minitial, Primary_contact_lname, Primary_contact_phone, Primary_contact_email) values ('C9887', 'Jaxspan', '02 Vernon Terrace', 'Phoenix', 'AZ', 47210, 0.30, 'Delcine', 'V', 'Gorbell', '3211396574', 'dgorbell1@trellian.com');
insert into CLIENTS (ClientID, Name, Street, City, StateID, Zip, Discount, Primary_contact_fname, Primary_contact_minitial, Primary_contact_lname, Primary_contact_phone, Primary_contact_email) values ('C6901', 'Pixope', '9 Waxwing Park', 'Mansfield', 'OH', 84709, 0.40, 'Demetre', 'W', 'Tabour', '4194835556', 'dtabour2@alibaba.com');
insert into CLIENTS (ClientID, Name, Street, City, StateID, Zip, Discount, Primary_contact_fname, Primary_contact_minitial, Primary_contact_lname, Primary_contact_phone, Primary_contact_email) values ('C0450', 'Oyoloo', '671 Novick Avenue', 'Columbia', 'SC', 12152, 0.26, 'Godart', 'N', 'Donnellan', '8031279794', 'gdonnellan3@psu.edu');
insert into CLIENTS (ClientID, Name, Street, City, StateID, Zip, Discount, Primary_contact_fname, Primary_contact_minitial, Primary_contact_lname, Primary_contact_phone, Primary_contact_email) values ('C7729', 'Gigaclub', '3 5th Drive', 'Saint Paul', 'MN', 52576, 0.11, 'Zandra', 'G', 'Halfacre', '6124664059', 'zhalfacre4@360.cn');
insert into CLIENTS (ClientID, Name, Street, City, StateID, Zip, Discount, Primary_contact_fname, Primary_contact_minitial, Primary_contact_lname, Primary_contact_phone, Primary_contact_email) values ('C6959', 'Devpoint', '078 Randy Place', 'Wichita', 'KS', 83015, 0.12, 'Joice', 'G', 'Pinckard', '3165145350', 'jpinckard5@nih.gov');
insert into CLIENTS (ClientID, Name, Street, City, StateID, Zip, Discount, Primary_contact_fname, Primary_contact_minitial, Primary_contact_lname, Primary_contact_phone, Primary_contact_email) values ('C4425', 'Cogilith', '1405 Blue Bill Park Hill', 'Philadelphia', 'PA', 35230, 0.45, 'Alena', 'K', 'Maleby', '2156017499', 'amaleby6@mac.com');
insert into CLIENTS (ClientID, Name, Street, City, StateID, Zip, Discount, Primary_contact_fname, Primary_contact_minitial, Primary_contact_lname, Primary_contact_phone, Primary_contact_email) values ('C7943', 'BlogXS', '63743 Browning Crossing', 'Hot Springs National Park', 'AR', 73874, 0.50, 'Layne', 'P', 'Knutsen', '5013058017', 'lknutsen7@edublogs.org');
insert into CLIENTS (ClientID, Name, Street, City, StateID, Zip, Discount, Primary_contact_fname, Primary_contact_minitial, Primary_contact_lname, Primary_contact_phone, Primary_contact_email) values ('C2140', 'Jaxworks', '6038 Evergreen Street', 'Topeka', 'KS', 95308, 0.40, 'Rafaelita', 'N', 'Toynbee', '7857464896', 'rtoynbee8@cafepress.com');
insert into CLIENTS (ClientID, Name, Street, City, StateID, Zip, Discount, Primary_contact_fname, Primary_contact_minitial, Primary_contact_lname, Primary_contact_phone, Primary_contact_email) values ('C7828', 'Buzzshare', '5042 Elgar Circle', 'Springfield', 'IL', 17963, 0.05, 'Edvard', 'O', 'Mc Pake', '2171047851', 'emcpake9@exblog.jp');
insert into CLIENTS (ClientID, Name, Street, City, StateID, Zip, Discount, Primary_contact_fname, Primary_contact_minitial, Primary_contact_lname, Primary_contact_phone, Primary_contact_email) values ('C1546', 'Wikido', '94 Bonner Point', 'Louisville', 'KY', 95518, 0.20, 'Siward', 'R', 'Oman', '5026272111', 'somana@nhs.uk');
insert into CLIENTS (ClientID, Name, Street, City, StateID, Zip, Discount, Primary_contact_fname, Primary_contact_minitial, Primary_contact_lname, Primary_contact_phone, Primary_contact_email) values ('C6928', 'Kamba', '85 Myrtle Way', 'Sacramento', 'CA', 48937, 0.30, 'Jacobo', 'L', 'Drains', '9165902756', 'jdrainsb@elpais.com');

-- Insert data for CLIENT_SITES
insert into CLIENT_SITES (SiteID, ClientID, AreaID, Site_size, Street, City, StateID, Zip) values ('CS7172', 'C9887', 'A990', 6590, '8 Meadow Vale Street', 'Phoenix', 'AZ', 90446);
insert into CLIENT_SITES (SiteID, ClientID, AreaID, Site_size, Street, City, StateID, Zip) values ('CS6195', 'C6144', 'A330', 9968, '15984 Quincy Park', 'Lakewood', 'WA', 37447);
insert into CLIENT_SITES (SiteID, ClientID, AreaID, Site_size, Street, City, StateID, Zip) values ('CS0783', 'C6555', 'A161', 4275, '338 Di Loreto Avenue', 'Buffalo', 'NY', 70641);
insert into CLIENT_SITES (SiteID, ClientID, AreaID, Site_size, Street, City, StateID, Zip) values ('CS4019', 'C6959', 'A798', 4858, '5839 Pond Park', 'Topeka', 'KS', 60662);
insert into CLIENT_SITES (SiteID, ClientID, AreaID, Site_size, Street, City, StateID, Zip) values ('CS7777', 'C3105', 'A349', 5560, '386 Colorado Park', 'Whittier', 'CA', 65807);
insert into CLIENT_SITES (SiteID, ClientID, AreaID, Site_size, Street, City, StateID, Zip) values ('CS3644', 'C6928', 'A932', 8355, '3598 Hooker Pass', 'Salinas', 'CA', 32800);
insert into CLIENT_SITES (SiteID, ClientID, AreaID, Site_size, Street, City, StateID, Zip) values ('CS3340', 'C9887', 'A990', 8300, '660 Vera Point', 'Phoenix', 'AZ', 32829);
insert into CLIENT_SITES (SiteID, ClientID, AreaID, Site_size, Street, City, StateID, Zip) values ('CS6157', 'C6928', 'A353', 6380, '0 Manufacturers Trail', 'San Francisco', 'CA', 13803);
insert into CLIENT_SITES (SiteID, ClientID, AreaID, Site_size, Street, City, StateID, Zip) values ('CS5734', 'C9887', 'A990', 7945, '0991 Vermont Drive', 'Phoenix', 'AZ', 43254);
insert into CLIENT_SITES (SiteID, ClientID, AreaID, Site_size, Street, City, StateID, Zip) values ('CS3556', 'C6928', 'A883', 5705, '903 Quincy Pass', 'Sacramento', 'CA', 23277);

-- Insert data for CUSTOMER_REPS
insert into CUSTOMER_REPS (EmpID, Seniority, Full-time_or_trainee, Commission_rate, Quarter Bonus, Bonus Amount, BranchID, TeamID) values ('E75066627', 'senior', 'full', 0.72, 2, '$1024.02', 'B993', 'TM487');
insert into CUSTOMER_REPS (EmpID, Seniority, Full-time_or_trainee, Commission_rate, Quarter Bonus, Bonus Amount, BranchID, TeamID) values ('E17036280', 'lead', 'full', 0.23, 3, '$1272.77', 'B993', 'TM487');
insert into CUSTOMER_REPS (EmpID, Seniority, Full-time_or_trainee, Commission_rate, Quarter Bonus, Bonus Amount, BranchID, TeamID) values ('E77935863', 'senior', 'full', 0.33, 4, '$1086.32', 'B347', 'TM179');
insert into CUSTOMER_REPS (EmpID, Seniority, Full-time_or_trainee, Commission_rate, Quarter Bonus, Bonus Amount, BranchID, TeamID) values ('E30816862', 'entry', 'trainee', 0.23, 3, '$1355.53', 'B583', 'TM256');
insert into CUSTOMER_REPS (EmpID, Seniority, Full-time_or_trainee, Commission_rate, Quarter Bonus, Bonus Amount, BranchID, TeamID) values ('E75887080', 'middle', 'full', 0.84, 3, '$1166.56', 'B490', 'TM748');
insert into CUSTOMER_REPS (EmpID, Seniority, Full-time_or_trainee, Commission_rate, Quarter Bonus, Bonus Amount, BranchID, TeamID) values ('E83282873', 'entry', 'trainee', 0.09, 2, '$3180.01', 'B993', 'TM487');
insert into CUSTOMER_REPS (EmpID, Seniority, Full-time_or_trainee, Commission_rate, Quarter Bonus, Bonus Amount, BranchID, TeamID) values ('E20850381', 'middle', 'full', 0.21, 3, '$247.99', 'B459', 'TM442');
insert into CUSTOMER_REPS (EmpID, Seniority, Full-time_or_trainee, Commission_rate, Quarter Bonus, Bonus Amount, BranchID, TeamID) values ('E21391042', 'middle', 'full', 0.62, 2, '$2834.64', 'B730', 'TM080');
insert into CUSTOMER_REPS (EmpID, Seniority, Full-time_or_trainee, Commission_rate, Quarter Bonus, Bonus Amount, BranchID, TeamID) values ('E61065442', 'lead', 'full', 0.18, 4, '$3926.14', 'B253', 'TM886');
insert into CUSTOMER_REPS (EmpID, Seniority, Full-time_or_trainee, Commission_rate, Quarter Bonus, Bonus Amount, BranchID, TeamID) values ('E43206250', 'senior', 'full', 0.21, 1, '$2767.25', 'B708', 'TM400');
insert into CUSTOMER_REPS (EmpID, Seniority, Full-time_or_trainee, Commission_rate, Quarter Bonus, Bonus Amount, BranchID, TeamID) values ('E76861181', 'entry', 'trainee', 0.11, 1, '$4324.76', 'B253', 'TM886');
insert into CUSTOMER_REPS (EmpID, Seniority, Full-time_or_trainee, Commission_rate, Quarter Bonus, Bonus Amount, BranchID, TeamID) values ('E94766506', 'entry', 'trainee', 0.96, 1, '$4041.30', 'B253', 'TM886');

-- Insert data for CUSTOMER_REP_SPECIALTIES
insert into CUSTOMER_REPS (EmpID, Specialty) values ('E75887080', 'GR03');
insert into CUSTOMER_REPS (EmpID, Specialty) values ('E75887080', 'GR10');
insert into CUSTOMER_REPS (EmpID, Specialty) values ('E77935863', 'GR16');
insert into CUSTOMER_REPS (EmpID, Specialty) values ('E61065442', 'GR23');
insert into CUSTOMER_REPS (EmpID, Specialty) values ('E61065442', 'GR32');
insert into CUSTOMER_REPS (EmpID, Specialty) values ('E75887080', 'GR40');
insert into CUSTOMER_REPS (EmpID, Specialty) values ('E77935863', 'GR12');
insert into CUSTOMER_REPS (EmpID, Specialty) values ('E21391042', 'GR33');
insert into CUSTOMER_REPS (EmpID, Specialty) values ('E43206250', 'GR20');
insert into CUSTOMER_REPS (EmpID, Specialty) values ('E94766506', 'GR39');

-- Insert data for CUSTOMER_REP_TEAMS
insert into CUSTOMER_REP_TEAMS (TeamID, Team_name, Team_leadID, Form_date, Office_area) values ('TM487', 'Puffin', 'E17036280', '04/17/2018', 'A990');
insert into CUSTOMER_REP_TEAMS (TeamID, Team_name, Team_leadID, Form_date, Office_area) values ('TM886', 'Whale', 'E61065442', '04/14/2020', 'A349');
insert into CUSTOMER_REP_TEAMS (TeamID, Team_name, Team_leadID, Form_date, Office_area) values ('TM563', 'Booby', 'E95305709', '10/17/2018', 'A798');
insert into CUSTOMER_REP_TEAMS (TeamID, Team_name, Team_leadID, Form_date, Office_area) values ('TM858', 'Roller', 'E59911802', '04/14/2020', 'A161');
insert into CUSTOMER_REP_TEAMS (TeamID, Team_name, Team_leadID, Form_date, Office_area) values ('TM736', 'Turtle', 'E09755754', '02/28/2020', 'A932');
insert into CUSTOMER_REP_TEAMS (TeamID, Team_name, Team_leadID, Form_date, Office_area) values ('TM455', 'Kookaburra', 'E25174553', '12/29/2019', 'A275');
insert into CUSTOMER_REP_TEAMS (TeamID, Team_name, Team_leadID, Form_date, Office_area) values ('TM370', 'Boa', 'E65748697', '04/18/2019', 'A353');
insert into CUSTOMER_REP_TEAMS (TeamID, Team_name, Team_leadID, Form_date, Office_area) values ('TM905', 'Bushpig', 'E85965402', '12/26/2019', 'A330');
insert into CUSTOMER_REP_TEAMS (TeamID, Team_name, Team_leadID, Form_date, Office_area) values ('TM817', 'Wallaby', 'E64168049', '12/13/2019', 'A625');
insert into CUSTOMER_REP_TEAMS (TeamID, Team_name, Team_leadID, Form_date, Office_area) values ('TM686', 'Camel', 'E81391954', '02/24/2018', 'A883');

-- Insert data for CAN_SERVICE_AREA
insert into CAN_SERVICE_AREA (AreaID, TeamID) values ('A990', 'TM487');
insert into CAN_SERVICE_AREA (AreaID, TeamID) values ('A349', 'TM886');
insert into CAN_SERVICE_AREA (AreaID, TeamID) values ('A798', 'TM563');
insert into CAN_SERVICE_AREA (AreaID, TeamID) values ('A161', 'TM858');
insert into CAN_SERVICE_AREA (AreaID, TeamID) values ('A932', 'TM736');

-- Insert data for CAN_SERVICE_CLIENT
insert into CAN_SERVICE_CLIENT (ClientID, EmpID) values ('C6555', 'E75066627');
insert into CAN_SERVICE_CLIENT (ClientID, EmpID) values ('C9887', 'E17036280');
insert into CAN_SERVICE_CLIENT (ClientID, EmpID) values ('C6901', 'E77935863');
insert into CAN_SERVICE_CLIENT (ClientID, EmpID) values ('C0450', 'E30816862');
insert into CAN_SERVICE_CLIENT (ClientID, EmpID) values ('C7729', 'E75887080');

-- Insert data for INCIDENTS
insert into INCIDENTS (Incident_ID, Incident_date, Complaint_date, Description, OrderID) values ('INC665806994', '03/10/2020', '02/10/2020', 'Traum subdr hem w loss of consciousness of 31-59 min, init', 'OR77462531878');
insert into INCIDENTS (Incident_ID, Incident_date, Complaint_date, Description, OrderID) values ('INC816611783', '03/12/2020', '03/10/2020', 'Nondisp seg fx shaft of l femr, 7thJ', 'OR44549999667');
insert into INCIDENTS (Incident_ID, Incident_date, Complaint_date, Description, OrderID) values ('INC782926555', '03/18/2020', '02/17/2020', 'Other complications associated with artificial fertilization', 'OR21857777606');
insert into INCIDENTS (Incident_ID, Incident_date, Complaint_date, Description, OrderID) values ('INC903458374', '03/24/2020', '04/25/2020', 'Poisoning by oth psychotropic drugs, undetermined, subs', 'OR31892267049');
insert into INCIDENTS (Incident_ID, Incident_date, Complaint_date, Description, OrderID) values ('INC773603119', '03/03/2020', '01/04/2020', 'Contact with hot water in bath or tub, sequela', 'OR23376751177');
insert into INCIDENTS (Incident_ID, Incident_date, Complaint_date, Description, OrderID) values ('INC021719877', '03/19/2020', '03/15/2018', 'Sltr-haris Type I physeal fx phalanx of right toe, init', 'OR29070583181');
insert into INCIDENTS (Incident_ID, Incident_date, Complaint_date, Description, OrderID) values ('INC907009497', '05/10/2019', '12/09/2018', 'Corrosion of left eye and adnexa, part unsp, subs encntr', 'OR78809410802');
insert into INCIDENTS (Incident_ID, Incident_date, Complaint_date, Description, OrderID) values ('INC987310174', '08/25/2019', '08/04/2019', 'Nondisplaced oblique fracture of shaft of right tibia', 'OR07368537866');
insert into INCIDENTS (Incident_ID, Incident_date, Complaint_date, Description, OrderID) values ('INC358115731', '01/14/2019', '12/27/2018', 'Chronic periodontitis, localized, unspecified severity', 'OR74183465803');
insert into INCIDENTS (Incident_ID, Incident_date, Complaint_date, Description, OrderID) values ('INC757589979', '08/01/2018', '08/01/2018', 'Unsp injury of left innominate or subclavian artery, sequela', 'OR83969622999');

-- Insert data for ORDERS
insert into ORDERS (OrderID, Order_date, Order_time, Status, Description, Incident_count, Resolution_date, Resolution_time, SiteID) values ('OR77462531878', '02/10/2020', '19:55', 'shipped', 'War op involving intentl restrict of air/airwy, milt, subs', 2, '02/10/2020', '20:50', 'CS7172');
insert into ORDERS (OrderID, Order_date, Order_time, Status, Description, Incident_count, Resolution_date, Resolution_time, SiteID) values ('OR44549999667', '03/12/2020', '7:24', 'pending', 'Intentional self-harm by other specified means, sequela', 3, '03/12/2020', '8:09', 'CS7172');
insert into ORDERS (OrderID, Order_date, Order_time, Status, Description, Incident_count, Resolution_date, Resolution_time, SiteID) values ('OR21857777606', '02/18/2020', '6:32', 'delivered', 'Partial traumatic amputation of right midfoot', 5, '02/18/2020', '7:49', 'CS0783');
insert into ORDERS (OrderID, Order_date, Order_time, Status, Description, Incident_count, Resolution_date, Resolution_time, SiteID) values ('OR31892267049', '04/24/2020', '17:24', 'pending', 'Pathological fracture, unspecified finger(s), sequela', 5, '04/25/2020', '15:59', 'CS0783');
insert into ORDERS (OrderID, Order_date, Order_time, Status, Description, Incident_count, Resolution_date, Resolution_time, SiteID) values ('OR23376751177', '01/03/2020', '9:59', 'pending', 'Displ oblique fx shaft of l fibula, 7thD', 6, '01/04/2020', '16:40', 'CS7777');

-- Insert data for ORDER_DETAILS
insert into ORDER_DETAILS (Order_details_ID, OrderID, SiteID, Ship_date, Ship_method) values ('ORD61268558055', 'OR77462531878', 'CS7172', '08/16/2018', 'overnight');
insert into ORDER_DETAILS (Order_details_ID, OrderID, SiteID, Ship_date, Ship_method) values ('ORD03793155861', 'OR44549999667', 'CS6195', '11/02/2019', 'overnight');
insert into ORDER_DETAILS (Order_details_ID, OrderID, SiteID, Ship_date, Ship_method) values ('ORD88963531631', 'OR21857777606', 'CS0783', '03/18/2019', 'ground');
insert into ORDER_DETAILS (Order_details_ID, OrderID, SiteID, Ship_date, Ship_method) values ('ORD26035927620', 'OR31892267049', 'CS4019', '08/19/2019', 'ground');
insert into ORDER_DETAILS (Order_details_ID, OrderID, SiteID, Ship_date, Ship_method) values ('ORD29742940247', 'OR23376751177', 'CS7777', '11/03/2018', 'ground');
insert into ORDER_DETAILS (Order_details_ID, OrderID, SiteID, Ship_date, Ship_method) values ('ORD01614313119', 'OR29070583181', 'CS3644', '05/15/2019', 'overnight');
insert into ORDER_DETAILS (Order_details_ID, OrderID, SiteID, Ship_date, Ship_method) values ('ORD43153932600', 'OR78809410802', 'CS3340', '03/16/2019', 'ground');
insert into ORDER_DETAILS (Order_details_ID, OrderID, SiteID, Ship_date, Ship_method) values ('ORD77608461832', 'OR07368537866', 'CS6157', '11/15/2019', 'ground');
insert into ORDER_DETAILS (Order_details_ID, OrderID, SiteID, Ship_date, Ship_method) values ('ORD57560382628', 'OR74183465803', 'CS5734', '01/30/2020', 'priority');
insert into ORDER_DETAILS (Order_details_ID, OrderID, SiteID, Ship_date, Ship_method) values ('ORD20360090892', 'OR83969622999', 'CS3556', '09/07/2018', 'ground');

-- Insert data for ITEMS
insert into ITEMS (Order_details_ID, OrderID, ProductID, Discount, Unitprice, Qty) values ('ORD61268558055', 'OR77462531878', 'P90285', 0.34, 64.66, 185);
insert into ITEMS (Order_details_ID, OrderID, ProductID, Discount, Unitprice, Qty) values ('ORD03793155861', 'OR44549999667', 'P98704', 0.00, 110.0, 32);
insert into ITEMS (Order_details_ID, OrderID, ProductID, Discount, Unitprice, Qty) values ('ORD88963531631', 'OR21857777606', 'P97987', 0.00, 29.93, 67);
insert into ITEMS (Order_details_ID, OrderID, ProductID, Discount, Unitprice, Qty) values ('ORD26035927620', 'OR31892267049', 'P50796', 0.00, 379.15, 43);
insert into ITEMS (Order_details_ID, OrderID, ProductID, Discount, Unitprice, Qty) values ('ORD29742940247', 'OR23376751177', 'P90826', 0.45, 333.65, 41);
insert into ITEMS (Order_details_ID, OrderID, ProductID, Discount, Unitprice, Qty) values ('ORD01614313119', 'OR29070583181', 'P98539', 0.26, 167.41, 297);
insert into ITEMS (Order_details_ID, OrderID, ProductID, Discount, Unitprice, Qty) values ('ORD43153932600', 'OR78809410802', 'P11026', 0.06, 88.95, 70);
insert into ITEMS (Order_details_ID, OrderID, ProductID, Discount, Unitprice, Qty) values ('ORD77608461832', 'OR07368537866', 'P15644', 0.00, 253.35, 275);
insert into ITEMS (Order_details_ID, OrderID, ProductID, Discount, Unitprice, Qty) values ('ORD57560382628', 'OR74183465803', 'P45723', 0.21, 418.54, 152);
insert into ITEMS (Order_details_ID, OrderID, ProductID, Discount, Unitprice, Qty) values ('ORD20360090892', 'OR83969622999', 'P24603', 0.60, 186.44, 114);


commit;

select * from  AREAS;
select * from  EMPLOYEES;
select * from  CLIENTS;
select * from  CLIENT_SITES;
select * from  CUSTOMER_REPS;
select * from  CUSTOMER_REP_SPECIALTIES;
select * from  CUSTOMER_REP_TEAMS;
select * from  CAN_SERVICE_AREA;
select * from  CAN_SERVICE_CLIENT;
select * from  INCIDENTS;
select * from  ORDERS;
select * from  ORDER_DETAILS;
select * from  ITEMS;

--------------------Testing--------------------
set serveroutput on;
